sensitive,approval_rate,accuracy,avg_reward,group
0,0.09907120743034056,0.9380804953560371,0.8761609907120743,Female
1,0.30132939438700146,0.9039881831610044,0.8079763663220089,Male
