sensitive,approval_rate,accuracy,avg_reward,group
0,0.10517799352750809,0.9692556634304207,0.9385113268608414,Female
1,0.3024602026049204,0.9247467438494935,0.849493487698987,Male
