sensitive,approval_rate,accuracy,avg_reward,group
0,0.26537216828478966,0.7346278317152104,0.4692556634304207,Female
1,0.25615050651230103,0.7452966714905933,0.4905933429811867,Male
