sensitive,approval_rate,accuracy,avg_reward,group
0,0.07739938080495357,0.934984520123839,0.8699690402476781,Female
1,0.29098966026587886,0.9084194977843427,0.8168389955686853,Male
