Metric,Baseline,Fair,Improvement
Demographic Parity,0.1972822090774123,0.00922166177248862,0.1880605473049237
Equal Opportunity,0.014941077441077422,0.0023148148148147696,0.012626262626262652
